{"lambda_l1": 8.873255298337503, "lambda_l2": 4.727427102367874, "num_leaves": 9, "feature_fraction": 0.685297914889198, "bagging_fraction": 0.704314019446759, "bagging_freq": 4, "min_child_samples": 157, "learning_rate": 0.10382116330923424, "max_depth": 8, "min_split_gain": 0.042754101835854964, "scale_pos_weight": 46.660042583392475, "n_estimators": 148}