{"lambda_l1": 7.934377396063395, "lambda_l2": 7.554667543090309, "num_leaves": 56, "feature_fraction": 0.8738717896120252, "bagging_fraction": 0.5457813039239009, "bagging_freq": 6, "min_child_samples": 92}