{"lambda_l1": 4.664528077862601, "lambda_l2": 9.396089764625478, "num_leaves": 138, "feature_fraction": 0.46158690790739115, "bagging_fraction": 0.6434433586068201, "bagging_freq": 2, "min_child_samples": 14}