{"lambda_l1": 5.533537321290017, "lambda_l2": 6.017672687629463, "num_leaves": 164, "feature_fraction": 0.4015861576978124, "bagging_fraction": 0.7291415299420683, "bagging_freq": 6, "min_child_samples": 65}